ID;date;subj.id;age;sex;condition;test_order;order;session;trial;other_pair;rewarded;experiment
1;04.06.21;Asega;23;m;test;testfirst;study4first;1;1;yes;no;study4
1;04.06.21;Kalema;25;m;test;testfirst;study3first;1;1;yes;no;study3
2;04.06.21;Asega;23;m;test;testfirst;study4first;1;2;yes;yes;study4
2;04.06.21;Kalema;25;m;test;testfirst;study3first;1;2;no;yes;study3
3;04.06.21;Asega;23;m;test;testfirst;study4first;1;3;yes;yes;study4
3;04.06.21;Kalema;25;m;test;testfirst;study3first;1;3;no;yes;study3
4;04.06.21;Asega;23;m;test;testfirst;study4first;1;4;yes;yes;study4
4;04.06.21;Kalema;25;m;test;testfirst;study3first;1;4;yes;no;study3
5;04.06.21;Asega;23;m;test;testfirst;study4first;1;5;yes;yes;study4
5;04.06.21;Kalema;25;m;test;testfirst;study3first;1;5;yes;yes;study3
6;04.06.21;Asega;23;m;test;testfirst;study4first;1;6;yes;no;study4
6;04.06.21;Kalema;25;m;test;testfirst;study3first;1;6;no;yes;study3
7;04.06.21;Nani;20;f;test;testfirst;study3first;1;1;yes;no;study3
7;05.06.21;Okech;22;m;test;testfirst;study4first;1;1;no;no;study4
8;04.06.21;Nani;20;f;test;testfirst;study3first;1;2;yes;no;study3
8;05.06.21;Okech;22;m;test;testfirst;study4first;1;2;yes;no;study4
9;04.06.21;Nani;20;f;test;testfirst;study3first;1;3;yes;no;study3
9;05.06.21;Okech;22;m;test;testfirst;study4first;1;3;yes;no;study4
10;04.06.21;Nani;20;f;test;testfirst;study3first;1;4;no;yes;study3
10;05.06.21;Okech;22;m;test;testfirst;study4first;1;4;yes;no;study4
11;04.06.21;Nani;20;f;test;testfirst;study3first;1;5;yes;no;study3
11;05.06.21;Okech;22;m;test;testfirst;study4first;1;5;yes;yes;study4
12;04.06.21;Nani;20;f;test;testfirst;study3first;1;6;yes;yes;study3
12;05.06.21;Okech;22;m;test;testfirst;study4first;1;6;yes;no;study4
13;04.06.21;Namukisa;22;f;test;testfirst;study4first;1;1;yes;yes;study4
13;04.06.21;Pasa;21;f;test;testfirst;study3first;1;1;no;yes;study3
14;04.06.21;Namukisa;22;f;test;testfirst;study4first;1;2;no;no;study4
14;04.06.21;Pasa;21;f;test;testfirst;study3first;1;2;yes;no;study3
15;04.06.21;Namukisa;22;f;test;testfirst;study4first;1;3;no;no;study4
15;04.06.21;Pasa;21;f;test;testfirst;study3first;1;3;yes;yes;study3
16;04.06.21;Namukisa;22;f;test;testfirst;study4first;1;4;yes;no;study4
16;04.06.21;Pasa;21;f;test;testfirst;study3first;1;4;yes;no;study3
17;04.06.21;Namukisa;22;f;test;testfirst;study4first;1;5;yes;yes;study4
17;04.06.21;Pasa;21;f;test;testfirst;study3first;1;5;no;yes;study3
18;04.06.21;Namukisa;22;f;test;testfirst;study4first;1;6;yes;no;study4
18;04.06.21;Pasa;21;f;test;testfirst;study3first;1;6;no;yes;study3
19;05.06.21;Asega;23;m;test;testfirst;study4first;2;7;yes;yes;study4
19;04.06.21;Yoyo;23;f;test;testfirst;study3first;1;1;yes;no;study3
20;05.06.21;Asega;23;m;test;testfirst;study4first;2;8;yes;no;study4
20;04.06.21;Yoyo;23;f;test;testfirst;study3first;1;2;yes;no;study3
21;05.06.21;Asega;23;m;test;testfirst;study4first;2;9;yes;no;study4
21;04.06.21;Yoyo;23;f;test;testfirst;study3first;1;3;no;yes;study3
22;05.06.21;Asega;23;m;test;testfirst;study4first;2;10;yes;yes;study4
22;04.06.21;Yoyo;23;f;test;testfirst;study3first;1;4;yes;yes;study3
23;05.06.21;Asega;23;m;test;testfirst;study4first;2;11;yes;yes;study4
23;04.06.21;Yoyo;23;f;test;testfirst;study3first;1;5;yes;no;study3
24;05.06.21;Asega;23;m;test;testfirst;study4first;2;12;yes;yes;study4
24;04.06.21;Yoyo;23;f;test;testfirst;study3first;1;6;yes;yes;study3
25;04.06.21;Okech;22;m;test;testfirst;study4first;2;7;yes;no;study4
25;05.06.21;Yoyo;23;f;test;testfirst;study3first;2;7;no;yes;study3
26;04.06.21;Okech;22;m;test;testfirst;study4first;2;8;yes;no;study4
26;05.06.21;Yoyo;23;f;test;testfirst;study3first;2;8;yes;yes;study3
27;04.06.21;Okech;22;m;test;testfirst;study4first;2;9;no;no;study4
27;05.06.21;Yoyo;23;f;test;testfirst;study3first;2;9;yes;no;study3
28;04.06.21;Okech;22;m;test;testfirst;study4first;2;10;yes;yes;study4
28;05.06.21;Yoyo;23;f;test;testfirst;study3first;2;10;no;yes;study3
29;04.06.21;Okech;22;m;test;testfirst;study4first;2;11;yes;no;study4
29;05.06.21;Yoyo;23;f;test;testfirst;study3first;2;11;yes;no;study3
30;04.06.21;Okech;22;m;test;testfirst;study4first;2;12;yes;yes;study4
30;05.06.21;Yoyo;23;f;test;testfirst;study3first;2;12;yes;no;study3
31;05.06.21;Namukisa;22;f;test;testfirst;study4first;2;7;no;no;study4
31;05.06.21;Nani;20;f;test;testfirst;study3first;2;7;yes;no;study3
32;05.06.21;Namukisa;22;f;test;testfirst;study4first;2;8;no;no;study4
32;05.06.21;Nani;20;f;test;testfirst;study3first;2;8;yes;yes;study3
33;05.06.21;Namukisa;22;f;test;testfirst;study4first;2;9;no;no;study4
33;05.06.21;Nani;20;f;test;testfirst;study3first;2;9;yes;no;study3
34;05.06.21;Namukisa;22;f;test;testfirst;study4first;2;10;yes;no;study4
34;05.06.21;Nani;20;f;test;testfirst;study3first;2;10;no;yes;study3
35;05.06.21;Namukisa;22;f;test;testfirst;study4first;2;11;yes;no;study4
35;05.06.21;Nani;20;f;test;testfirst;study3first;2;11;yes;yes;study3
36;05.06.21;Namukisa;22;f;test;testfirst;study4first;2;12;no;no;study4
36;05.06.21;Nani;20;f;test;testfirst;study3first;2;12;yes;yes;study3
37;06.06.21;Asega;23;m;control;testfirst;study4first;1;1;yes;no;study4
37;05.06.21;Pasa;21;f;test;testfirst;study3first;2;7;yes;no;study3
38;06.06.21;Asega;23;m;control;testfirst;study4first;1;2;yes;no;study4
38;05.06.21;Pasa;21;f;test;testfirst;study3first;2;8;no;yes;study3
39;06.06.21;Asega;23;m;control;testfirst;study4first;1;3;yes;no;study4
39;05.06.21;Pasa;21;f;test;testfirst;study3first;2;9;yes;no;study3
40;06.06.21;Asega;23;m;control;testfirst;study4first;1;4;yes;yes;study4
40;05.06.21;Pasa;21;f;test;testfirst;study3first;2;10;no;yes;study3
41;06.06.21;Asega;23;m;control;testfirst;study4first;1;5;no;yes;study4
41;05.06.21;Pasa;21;f;test;testfirst;study3first;2;11;no;yes;study3
42;06.06.21;Asega;23;m;control;testfirst;study4first;1;6;yes;no;study4
42;05.06.21;Pasa;21;f;test;testfirst;study3first;2;12;no;yes;study3
43;07.06.21;Asega;23;m;control;testfirst;study4first;2;7;yes;yes;study4
43;05.06.21;Kalema;25;m;test;testfirst;study3first;2;7;yes;yes;study3
44;07.06.21;Asega;23;m;control;testfirst;study4first;2;8;no;no;study4
44;05.06.21;Kalema;25;m;test;testfirst;study3first;2;8;yes;yes;study3
45;07.06.21;Asega;23;m;control;testfirst;study4first;2;9;yes;no;study4
45;05.06.21;Kalema;25;m;test;testfirst;study3first;2;9;yes;yes;study3
46;07.06.21;Asega;23;m;control;testfirst;study4first;2;10;yes;yes;study4
46;05.06.21;Kalema;25;m;test;testfirst;study3first;2;10;yes;no;study3
47;07.06.21;Asega;23;m;control;testfirst;study4first;2;11;yes;no;study4
47;05.06.21;Kalema;25;m;test;testfirst;study3first;2;11;yes;no;study3
48;07.06.21;Asega;23;m;control;testfirst;study4first;1;12;yes;no;study4
48;05.06.21;Kalema;25;m;test;testfirst;study3first;2;12;no;yes;study3
49;06.06.21;Okech;22;m;control;testfirst;study4first;1;1;no;no;study4
49;06.06.21;Yoyo;23;f;control;testfirst;study3first;1;1;yes;yes;study3
50;06.06.21;Okech;22;m;control;testfirst;study4first;1;2;no;no;study4
50;06.06.21;Yoyo;23;f;control;testfirst;study3first;1;2;yes;yes;study3
51;06.06.21;Okech;22;m;control;testfirst;study4first;1;3;yes;no;study4
51;06.06.21;Yoyo;23;f;control;testfirst;study3first;1;3;yes;no;study3
52;06.06.21;Okech;22;m;control;testfirst;study4first;1;4;yes;no;study4
52;06.06.21;Yoyo;23;f;control;testfirst;study3first;1;4;yes;yes;study3
53;06.06.21;Okech;22;m;control;testfirst;study4first;1;5;yes;yes;study4
53;06.06.21;Yoyo;23;f;control;testfirst;study3first;1;5;yes;no;study3
54;06.06.21;Okech;22;m;control;testfirst;study4first;1;6;yes;no;study4
54;06.06.21;Yoyo;23;f;control;testfirst;study3first;1;6;no;yes;study3
55;07.06.21;Okech;22;m;control;testfirst;study4first;2;7;yes;yes;study4
55;07.06.21;Yoyo;23;f;control;testfirst;study3first;2;7;yes;yes;study3
56;07.06.21;Okech;22;m;control;testfirst;study4first;2;8;yes;no;study4
56;07.06.21;Yoyo;23;f;control;testfirst;study3first;2;8;yes;no;study3
57;07.06.21;Okech;22;m;control;testfirst;study4first;2;9;no;no;study4
57;07.06.21;Yoyo;23;f;control;testfirst;study3first;2;9;no;yes;study3
58;07.06.21;Okech;22;m;control;testfirst;study4first;2;10;yes;yes;study4
58;07.06.21;Yoyo;23;f;control;testfirst;study3first;2;10;yes;no;study3
59;07.06.21;Okech;22;m;control;testfirst;study4first;2;11;yes;yes;study4
59;07.06.21;Yoyo;23;f;control;testfirst;study3first;2;11;yes;yes;study3
60;07.06.21;Okech;22;m;control;testfirst;study4first;1;12;yes;yes;study4
60;07.06.21;Yoyo;23;f;control;testfirst;study3first;2;12;yes;no;study3
61;06.06.21;Namukisa;22;f;control;testfirst;study4first;1;1;no;no;study4
61;06.06.21;Nani;20;f;control;testfirst;study3first;1;1;yes;no;study3
62;06.06.21;Namukisa;22;f;control;testfirst;study4first;1;2;yes;no;study4
62;06.06.21;Nani;20;f;control;testfirst;study3first;1;2;no;yes;study3
63;06.06.21;Namukisa;22;f;control;testfirst;study4first;1;3;yes;no;study4
63;06.06.21;Nani;20;f;control;testfirst;study3first;1;3;yes;no;study3
64;06.06.21;Namukisa;22;f;control;testfirst;study4first;1;4;no;no;study4
64;06.06.21;Nani;20;f;control;testfirst;study3first;1;4;yes;yes;study3
65;06.06.21;Namukisa;22;f;control;testfirst;study4first;1;5;yes;no;study4
65;06.06.21;Nani;20;f;control;testfirst;study3first;1;5;no;yes;study3
66;06.06.21;Namukisa;22;f;control;testfirst;study4first;1;6;no;no;study4
66;06.06.21;Nani;20;f;control;testfirst;study3first;1;6;no;yes;study3
67;07.06.21;Namukisa;22;f;control;testfirst;study4first;2;7;yes;yes;study4
67;07.06.21;Nani;20;f;control;testfirst;study3first;2;7;yes;no;study3
68;07.06.21;Namukisa;22;f;control;testfirst;study4first;2;8;yes;yes;study4
68;07.06.21;Nani;20;f;control;testfirst;study3first;2;8;yes;yes;study3
69;07.06.21;Namukisa;22;f;control;testfirst;study4first;2;9;no;no;study4
69;07.06.21;Nani;20;f;control;testfirst;study3first;2;9;no;yes;study3
70;07.06.21;Namukisa;22;f;control;testfirst;study4first;2;10;yes;yes;study4
70;07.06.21;Nani;20;f;control;testfirst;study3first;2;10;yes;no;study3
71;07.06.21;Namukisa;22;f;control;testfirst;study4first;2;11;yes;no;study4
71;07.06.21;Nani;20;f;control;testfirst;study3first;2;11;yes;no;study3
72;07.06.21;Namukisa;22;f;control;testfirst;study4first;2;12;no;no;study4
72;07.06.21;Nani;20;f;control;testfirst;study3first;2;12;yes;yes;study3
73;06.06.21;Kalema;25;m;control;testfirst;study3first;1;1;yes;yes;study3
73;08.06.21;Nani;20;f;control;controlfirst;study3first;1;1;yes;yes;study4
74;06.06.21;Kalema;25;m;control;testfirst;study3first;1;2;yes;yes;study3
74;08.06.21;Nani;20;f;control;controlfirst;study3first;1;2;yes;yes;study4
75;06.06.21;Kalema;25;m;control;testfirst;study3first;1;3;yes;yes;study3
75;08.06.21;Nani;20;f;control;controlfirst;study3first;1;3;no;no;study4
76;06.06.21;Kalema;25;m;control;testfirst;study3first;1;4;no;yes;study3
76;08.06.21;Nani;20;f;control;controlfirst;study3first;1;4;no;no;study4
77;06.06.21;Kalema;25;m;control;testfirst;study3first;1;5;yes;no;study3
77;08.06.21;Nani;20;f;control;controlfirst;study3first;1;5;no;no;study4
78;06.06.21;Kalema;25;m;control;testfirst;study3first;1;6;yes;no;study3
78;08.06.21;Nani;20;f;control;controlfirst;study3first;1;6;yes;yes;study4
79;07.06.21;Kalema;25;m;control;testfirst;study3first;2;7;yes;yes;study3
79;09.06.21;Nani;20;f;control;controlfirst;study3first;2;7;no;no;study4
80;07.06.21;Kalema;25;m;control;testfirst;study3first;2;8;yes;no;study3
80;09.06.21;Nani;20;f;control;controlfirst;study3first;2;8;yes;no;study4
81;07.06.21;Kalema;25;m;control;testfirst;study3first;2;9;yes;yes;study3
81;09.06.21;Nani;20;f;control;controlfirst;study3first;2;9;no;no;study4
82;07.06.21;Kalema;25;m;control;testfirst;study3first;2;10;yes;yes;study3
82;09.06.21;Nani;20;f;control;controlfirst;study3first;2;10;no;no;study4
83;07.06.21;Kalema;25;m;control;testfirst;study3first;2;11;no;yes;study3
83;09.06.21;Nani;20;f;control;controlfirst;study3first;2;11;yes;yes;study4
84;07.06.21;Kalema;25;m;control;testfirst;study3first;2;12;yes;no;study3
84;09.06.21;Nani;20;f;control;controlfirst;study3first;2;12;no;no;study4
85;10.06.21;Nani;20;f;test;controlfirst;study3first;1;1;yes;yes;study4
85;06.06.21;Pasa;21;f;control;testfirst;study3first;1;1;yes;no;study3
86;10.06.21;Nani;20;f;test;controlfirst;study3first;1;2;yes;yes;study4
86;06.06.21;Pasa;21;f;control;testfirst;study3first;1;2;yes;no;study3
87;10.06.21;Nani;20;f;test;controlfirst;study3first;1;3;no;no;study4
87;06.06.21;Pasa;21;f;control;testfirst;study3first;1;3;yes;no;study3
88;10.06.21;Nani;20;f;test;controlfirst;study3first;1;4;yes;yes;study4
88;06.06.21;Pasa;21;f;control;testfirst;study3first;1;4;yes;no;study3
89;10.06.21;Nani;20;f;test;controlfirst;study3first;1;5;yes;yes;study4
89;06.06.21;Pasa;21;f;control;testfirst;study3first;1;5;yes;no;study3
90;10.06.21;Nani;20;f;test;controlfirst;study3first;1;6;no;no;study4
90;06.06.21;Pasa;21;f;control;testfirst;study3first;1;6;no;yes;study3
91;11.06.21;Nani;20;f;test;controlfirst;study3first;2;7;yes;yes;study4
91;07.06.21;Pasa;21;f;control;testfirst;study3first;2;7;yes;no;study3
92;11.06.21;Nani;20;f;test;controlfirst;study3first;2;8;no;no;study4
92;07.06.21;Pasa;21;f;control;testfirst;study3first;2;8;yes;no;study3
93;11.06.21;Nani;20;f;test;controlfirst;study3first;2;9;yes;no;study4
93;07.06.21;Pasa;21;f;control;testfirst;study3first;2;9;no;yes;study3
94;11.06.21;Nani;20;f;test;controlfirst;study3first;2;10;yes;no;study4
94;07.06.21;Pasa;21;f;control;testfirst;study3first;2;10;yes;no;study3
95;11.06.21;Nani;20;f;test;controlfirst;study3first;2;11;yes;yes;study4
95;07.06.21;Pasa;21;f;control;testfirst;study3first;2;11;yes;no;study3
96;11.06.21;Nani;20;f;test;controlfirst;study3first;2;12;no;no;study4
96;07.06.21;Pasa;21;f;control;testfirst;study3first;2;12;yes;yes;study3
97;08.06.21;Asega;23;m;control;controlfirst;study4first;1;1;yes;no;study3
97;08.06.21;Kalema;25;m;control;controlfirst;study3first;1;1;yes;no;study4
98;08.06.21;Asega;23;m;control;controlfirst;study4first;1;2;no;yes;study3
98;08.06.21;Kalema;25;m;control;controlfirst;study3first;1;2;yes;no;study4
99;08.06.21;Asega;23;m;control;controlfirst;study4first;1;3;yes;no;study3
99;08.06.21;Kalema;25;m;control;controlfirst;study3first;1;3;no;no;study4
100;08.06.21;Asega;23;m;control;controlfirst;study4first;1;4;yes;no;study3
100;08.06.21;Kalema;25;m;control;controlfirst;study3first;1;4;yes;yes;study4
101;08.06.21;Asega;23;m;control;controlfirst;study4first;1;5;no;yes;study3
101;08.06.21;Kalema;25;m;control;controlfirst;study3first;1;5;yes;no;study4
102;08.06.21;Asega;23;m;control;controlfirst;study4first;1;6;yes;no;study3
102;08.06.21;Kalema;25;m;control;controlfirst;study3first;1;6;yes;yes;study4
103;09.06.21;Asega;23;m;control;controlfirst;study4first;2;7;yes;no;study3
103;09.06.21;Kalema;25;m;control;controlfirst;study3first;2;7;yes;no;study4
104;09.06.21;Asega;23;m;control;controlfirst;study4first;2;8;yes;yes;study3
104;09.06.21;Kalema;25;m;control;controlfirst;study3first;2;8;yes;no;study4
105;09.06.21;Asega;23;m;control;controlfirst;study4first;2;9;no;yes;study3
105;09.06.21;Kalema;25;m;control;controlfirst;study3first;2;9;yes;yes;study4
106;09.06.21;Asega;23;m;control;controlfirst;study4first;2;10;yes;yes;study3
106;09.06.21;Kalema;25;m;control;controlfirst;study3first;2;10;yes;no;study4
107;09.06.21;Asega;23;m;control;controlfirst;study4first;2;11;no;yes;study3
107;09.06.21;Kalema;25;m;control;controlfirst;study3first;2;11;yes;no;study4
108;09.06.21;Asega;23;m;control;controlfirst;study4first;2;12;yes;no;study3
108;09.06.21;Kalema;25;m;control;controlfirst;study3first;2;12;no;no;study4
109;10.06.21;Asega;23;m;test;controlfirst;study4first;1;1;yes;yes;study3
109;10.06.21;Kalema;25;m;test;controlfirst;study3first;1;1;no;no;study4
110;10.06.21;Asega;23;m;test;controlfirst;study4first;1;2;no;yes;study3
110;10.06.21;Kalema;25;m;test;controlfirst;study3first;1;2;no;no;study4
111;10.06.21;Asega;23;m;test;controlfirst;study4first;1;3;yes;no;study3
111;10.06.21;Kalema;25;m;test;controlfirst;study3first;1;3;yes;no;study4
112;10.06.21;Asega;23;m;test;controlfirst;study4first;1;4;yes;no;study3
112;10.06.21;Kalema;25;m;test;controlfirst;study3first;1;4;yes;no;study4
113;10.06.21;Asega;23;m;test;controlfirst;study4first;1;5;no;yes;study3
113;10.06.21;Kalema;25;m;test;controlfirst;study3first;1;5;yes;no;study4
114;10.06.21;Asega;23;m;test;controlfirst;study4first;1;6;no;yes;study3
114;10.06.21;Kalema;25;m;test;controlfirst;study3first;1;6;yes;yes;study4
115;11.06.21;Asega;23;m;test;controlfirst;study4first;2;7;yes;no;study3
115;11.06.21;Kalema;25;m;test;controlfirst;study3first;2;7;yes;no;study4
116;11.06.21;Asega;23;m;test;controlfirst;study4first;2;8;yes;no;study3
116;11.06.21;Kalema;25;m;test;controlfirst;study3first;2;8;no;no;study4
117;11.06.21;Asega;23;m;test;controlfirst;study4first;2;9;yes;no;study3
117;11.06.21;Kalema;25;m;test;controlfirst;study3first;2;9;yes;no;study4
118;11.06.21;Asega;23;m;test;controlfirst;study4first;2;10;no;yes;study3
118;11.06.21;Kalema;25;m;test;controlfirst;study3first;2;10;yes;yes;study4
119;11.06.21;Asega;23;m;test;controlfirst;study4first;2;11;no;yes;study3
119;11.06.21;Kalema;25;m;test;controlfirst;study3first;2;11;yes;yes;study4
120;11.06.21;Asega;23;m;test;controlfirst;study4first;2;12;no;yes;study3
120;11.06.21;Kalema;25;m;test;controlfirst;study3first;2;12;yes;yes;study4
121;08.06.21;Okech;22;m;control;controlfirst;study4first;1;1;yes;yes;study3
121;08.06.21;Yoyo;23;f;control;controlfirst;study3first;1;1;yes;no;study4
122;08.06.21;Okech;22;m;control;controlfirst;study4first;1;2;yes;yes;study3
122;08.06.21;Yoyo;23;f;control;controlfirst;study3first;1;2;yes;no;study4
123;08.06.21;Okech;22;m;control;controlfirst;study4first;1;3;no;yes;study3
123;08.06.21;Yoyo;23;f;control;controlfirst;study3first;1;3;yes;yes;study4
124;08.06.21;Okech;22;m;control;controlfirst;study4first;1;4;no;yes;study3
124;08.06.21;Yoyo;23;f;control;controlfirst;study3first;1;4;yes;no;study4
125;08.06.21;Okech;22;m;control;controlfirst;study4first;1;5;no;yes;study3
125;08.06.21;Yoyo;23;f;control;controlfirst;study3first;1;5;yes;yes;study4
126;08.06.21;Okech;22;m;control;controlfirst;study4first;1;6;yes;no;study3
126;08.06.21;Yoyo;23;f;control;controlfirst;study3first;1;6;yes;no;study4
127;09.06.21;Okech;22;m;control;controlfirst;study4first;2;7;yes;no;study3
127;09.06.21;Yoyo;23;f;control;controlfirst;study3first;2;7;yes;yes;study4
128;09.06.21;Okech;22;m;control;controlfirst;study4first;2;8;no;yes;study3
128;09.06.21;Yoyo;23;f;control;controlfirst;study3first;2;8;no;no;study4
129;09.06.21;Okech;22;m;control;controlfirst;study4first;2;9;yes;no;study3
129;09.06.21;Yoyo;23;f;control;controlfirst;study3first;2;9;yes;no;study4
130;09.06.21;Okech;22;m;control;controlfirst;study4first;2;10;no;yes;study3
130;09.06.21;Yoyo;23;f;control;controlfirst;study3first;2;10;no;no;study4
131;09.06.21;Okech;22;m;control;controlfirst;study4first;2;11;yes;yes;study3
131;09.06.21;Yoyo;23;f;control;controlfirst;study3first;2;11;yes;no;study4
132;09.06.21;Okech;22;m;control;controlfirst;study4first;2;12;no;yes;study3
132;09.06.21;Yoyo;23;f;control;controlfirst;study3first;2;12;yes;yes;study4
133;10.06.21;Okech;22;m;test;controlfirst;study4first;1;1;no;yes;study3
133;10.06.21;Yoyo;23;f;test;controlfirst;study3first;1;1;yes;yes;study4
134;10.06.21;Okech;22;m;test;controlfirst;study4first;1;2;yes;yes;study3
134;10.06.21;Yoyo;23;f;test;controlfirst;study3first;1;2;yes;yes;study4
135;10.06.21;Okech;22;m;test;controlfirst;study4first;1;3;yes;no;study3
135;10.06.21;Yoyo;23;f;test;controlfirst;study3first;1;3;yes;no;study4
136;10.06.21;Okech;22;m;test;controlfirst;study4first;1;4;no;yes;study3
136;10.06.21;Yoyo;23;f;test;controlfirst;study3first;1;4;yes;no;study4
137;10.06.21;Okech;22;m;test;controlfirst;study4first;1;5;yes;yes;study3
137;10.06.21;Yoyo;23;f;test;controlfirst;study3first;1;5;yes;no;study4
138;10.06.21;Okech;22;m;test;controlfirst;study4first;1;6;yes;yes;study3
138;10.06.21;Yoyo;23;f;test;controlfirst;study3first;1;6;no;no;study4
139;11.06.21;Okech;22;m;test;controlfirst;study4first;2;7;no;yes;study3
139;11.06.21;Yoyo;23;f;test;controlfirst;study3first;2;7;yes;no;study4
140;11.06.21;Okech;22;m;test;controlfirst;study4first;2;8;no;yes;study3
140;11.06.21;Yoyo;23;f;test;controlfirst;study3first;2;8;no;no;study4
141;11.06.21;Okech;22;m;test;controlfirst;study4first;2;9;no;yes;study3
141;11.06.21;Yoyo;23;f;test;controlfirst;study3first;2;9;yes;no;study4
142;11.06.21;Okech;22;m;test;controlfirst;study4first;2;10;no;yes;study3
142;11.06.21;Yoyo;23;f;test;controlfirst;study3first;2;10;yes;no;study4
143;11.06.21;Okech;22;m;test;controlfirst;study4first;2;11;no;yes;study3
143;11.06.21;Yoyo;23;f;test;controlfirst;study3first;2;11;yes;no;study4
144;11.06.21;Okech;22;m;test;controlfirst;study4first;2;12;no;yes;study3
144;11.06.21;Yoyo;23;f;test;controlfirst;study3first;2;12;yes;no;study4
145;08.06.21;Namukisa;22;f;control;controlfirst;study4first;1;1;yes;yes;study3
145;08.06.21;Pasa;21;f;control;controlfirst;study3first;1;1;yes;no;study4
146;08.06.21;Namukisa;22;f;control;controlfirst;study4first;1;2;no;yes;study3
146;08.06.21;Pasa;21;f;control;controlfirst;study3first;1;2;yes;yes;study4
147;08.06.21;Namukisa;22;f;control;controlfirst;study4first;1;3;yes;no;study3
147;08.06.21;Pasa;21;f;control;controlfirst;study3first;1;3;no;no;study4
148;08.06.21;Namukisa;22;f;control;controlfirst;study4first;1;4;no;yes;study3
148;08.06.21;Pasa;21;f;control;controlfirst;study3first;1;4;yes;yes;study4
149;08.06.21;Namukisa;22;f;control;controlfirst;study4first;1;5;yes;no;study3
149;08.06.21;Pasa;21;f;control;controlfirst;study3first;1;5;yes;no;study4
150;08.06.21;Namukisa;22;f;control;controlfirst;study4first;1;6;yes;no;study3
150;08.06.21;Pasa;21;f;control;controlfirst;study3first;1;6;yes;no;study4
151;09.06.21;Namukisa;22;f;control;controlfirst;study4first;2;7;yes;yes;study3
151;09.06.21;Pasa;21;f;control;controlfirst;study3first;2;7;yes;no;study4
152;09.06.21;Namukisa;22;f;control;controlfirst;study4first;2;8;yes;yes;study3
152;09.06.21;Pasa;21;f;control;controlfirst;study3first;2;8;yes;no;study4
153;09.06.21;Namukisa;22;f;control;controlfirst;study4first;2;9;no;yes;study3
153;09.06.21;Pasa;21;f;control;controlfirst;study3first;2;9;yes;yes;study4
154;09.06.21;Namukisa;22;f;control;controlfirst;study4first;2;10;yes;no;study3
154;09.06.21;Pasa;21;f;control;controlfirst;study3first;2;10;yes;yes;study4
155;09.06.21;Namukisa;22;f;control;controlfirst;study4first;2;11;yes;no;study3
155;09.06.21;Pasa;21;f;control;controlfirst;study3first;2;11;yes;no;study4
156;09.06.21;Namukisa;22;f;control;controlfirst;study4first;2;12;yes;no;study3
156;09.06.21;Pasa;21;f;control;controlfirst;study3first;2;12;no;no;study4
157;10.06.21;Namukisa;22;f;test;controlfirst;study4first;1;1;no;yes;study3
157;10.06.21;Pasa;21;f;test;controlfirst;study3first;1;1;yes;yes;study4
158;10.06.21;Namukisa;22;f;test;controlfirst;study4first;1;2;no;yes;study3
158;10.06.21;Pasa;21;f;test;controlfirst;study3first;1;2;yes;yes;study4
159;10.06.21;Namukisa;22;f;test;controlfirst;study4first;1;3;no;yes;study3
159;10.06.21;Pasa;21;f;test;controlfirst;study3first;1;3;no;no;study4
160;10.06.21;Namukisa;22;f;test;controlfirst;study4first;1;4;yes;yes;study3
160;10.06.21;Pasa;21;f;test;controlfirst;study3first;1;4;yes;yes;study4
161;10.06.21;Namukisa;22;f;test;controlfirst;study4first;1;5;yes;no;study3
161;10.06.21;Pasa;21;f;test;controlfirst;study3first;1;5;yes;yes;study4
162;10.06.21;Namukisa;22;f;test;controlfirst;study4first;1;6;no;yes;study3
162;10.06.21;Pasa;21;f;test;controlfirst;study3first;1;6;yes;yes;study4
163;11.06.21;Namukisa;22;f;test;controlfirst;study4first;2;7;yes;no;study3
163;11.06.21;Pasa;21;f;test;controlfirst;study3first;2;7;yes;yes;study4
164;11.06.21;Namukisa;22;f;test;controlfirst;study4first;2;8;yes;no;study3
164;11.06.21;Pasa;21;f;test;controlfirst;study3first;2;8;yes;yes;study4
165;11.06.21;Namukisa;22;f;test;controlfirst;study4first;2;9;no;yes;study3
165;11.06.21;Pasa;21;f;test;controlfirst;study3first;2;9;yes;yes;study4
166;11.06.21;Namukisa;22;f;test;controlfirst;study4first;2;10;yes;no;study3
166;11.06.21;Pasa;21;f;test;controlfirst;study3first;2;10;yes;yes;study4
167;11.06.21;Namukisa;22;f;test;controlfirst;study4first;2;11;yes;yes;study3
167;11.06.21;Pasa;21;f;test;controlfirst;study3first;2;11;yes;yes;study4
168;11.06.21;Namukisa;22;f;test;controlfirst;study4first;2;12;yes;yes;study3
168;11.06.21;Pasa;21;f;test;controlfirst;study3first;2;12;yes;yes;study4
169;16.06.16;Baluku;23;m;control;controlfirst;study3first;1;1;yes;yes;study3
169;16.06.21;Nkuumwa;25;f;control;controlfirst;study4first;1;1;yes;yes;study4
170;16.06.16;Baluku;23;m;control;controlfirst;study3first;1;2;yes;no;study3
170;16.06.21;Nkuumwa;25;f;control;controlfirst;study4first;1;2;yes;no;study4
171;16.06.16;Baluku;23;m;control;controlfirst;study3first;1;3;no;yes;study3
171;16.06.21;Nkuumwa;25;f;control;controlfirst;study4first;1;3;yes;no;study4
172;16.06.16;Baluku;23;m;control;controlfirst;study3first;1;4;no;yes;study3
172;16.06.21;Nkuumwa;25;f;control;controlfirst;study4first;1;4;yes;yes;study4
173;16.06.16;Baluku;23;m;control;controlfirst;study3first;1;5;no;yes;study3
173;16.06.21;Nkuumwa;25;f;control;controlfirst;study4first;1;5;yes;no;study4
174;16.06.16;Baluku;23;m;control;controlfirst;study3first;1;6;yes;no;study3
174;16.06.21;Nkuumwa;25;f;control;controlfirst;study4first;1;6;yes;yes;study4
175;16.06.16;Bwambale;21;m;control;controlfirst;study3first;1;1;yes;yes;study3
175;16.06.21;Nakuu;20;f;control;controlfirst;study4first;1;1;yes;no;study4
176;16.06.16;Bwambale;21;m;control;controlfirst;study3first;1;2;yes;no;study3
176;16.06.21;Nakuu;20;f;control;controlfirst;study4first;1;2;no;no;study4
177;16.06.16;Bwambale;21;m;control;controlfirst;study3first;1;3;yes;yes;study3
177;16.06.21;Nakuu;20;f;control;controlfirst;study4first;1;3;yes;no;study4
178;16.06.16;Bwambale;21;m;control;controlfirst;study3first;1;4;yes;no;study3
178;16.06.21;Nakuu;20;f;control;controlfirst;study4first;1;4;yes;yes;study4
179;16.06.16;Bwambale;21;m;control;controlfirst;study3first;1;5;no;yes;study3
179;16.06.21;Nakuu;20;f;control;controlfirst;study4first;1;5;no;no;study4
180;16.06.16;Bwambale;21;m;control;controlfirst;study3first;1;6;yes;no;study3
180;16.06.21;Nakuu;20;f;control;controlfirst;study4first;1;6;yes;no;study4
181;16.06.16;Cocoa;14;f;control;controlfirst;study3first;1;1;yes;no;study3
181;16.06.21;Sally;30;f;control;controlfirst;study4first;1;1;yes;yes;study4
182;16.06.16;Cocoa;14;f;control;controlfirst;study3first;1;2;no;yes;study3
182;16.06.21;Sally;30;f;control;controlfirst;study4first;1;2;no;no;study4
183;16.06.16;Cocoa;14;f;control;controlfirst;study3first;1;3;yes;yes;study3
183;16.06.21;Sally;30;f;control;controlfirst;study4first;1;3;yes;yes;study4
184;16.06.16;Cocoa;14;f;control;controlfirst;study3first;1;4;no;yes;study3
184;16.06.21;Sally;30;f;control;controlfirst;study4first;1;4;no;no;study4
185;16.06.16;Cocoa;14;f;control;controlfirst;study3first;1;5;yes;yes;study3
185;16.06.21;Sally;30;f;control;controlfirst;study4first;1;5;yes;yes;study4
186;16.06.16;Cocoa;14;f;control;controlfirst;study3first;1;6;no;yes;study3
186;16.06.21;Sally;30;f;control;controlfirst;study4first;1;6;yes;no;study4
187;17.06.21;Baluku;23;m;control;controlfirst;study3first;2;7;no;yes;study3
187;17.06.21;Nkuumwa;25;f;control;controlfirst;study4first;2;7;yes;no;study4
188;17.06.21;Baluku;23;m;control;controlfirst;study3first;2;8;yes;no;study3
188;17.06.21;Nkuumwa;25;f;control;controlfirst;study4first;2;8;yes;yes;study4
189;17.06.21;Baluku;23;m;control;controlfirst;study3first;2;9;yes;no;study3
189;17.06.21;Nkuumwa;25;f;control;controlfirst;study4first;2;9;yes;no;study4
190;17.06.21;Baluku;23;m;control;controlfirst;study3first;2;10;yes;yes;study3
190;17.06.21;Nkuumwa;25;f;control;controlfirst;study4first;2;10;yes;yes;study4
191;17.06.21;Baluku;23;m;control;controlfirst;study3first;2;11;no;yes;study3
191;17.06.21;Nkuumwa;25;f;control;controlfirst;study4first;2;11;yes;no;study4
192;17.06.21;Baluku;23;m;control;controlfirst;study3first;2;12;no;yes;study3
192;17.06.21;Nkuumwa;25;f;control;controlfirst;study4first;2;12;yes;yes;study4
193;17.06.21;Bwambale;21;m;control;controlfirst;study3first;2;7;yes;no;study3
193;17.06.21;Nakuu;20;f;control;controlfirst;study4first;2;7;yes;no;study4
194;17.06.21;Bwambale;21;m;control;controlfirst;study3first;2;8;yes;no;study3
194;17.06.21;Nakuu;20;f;control;controlfirst;study4first;2;8;yes;yes;study4
195;17.06.21;Bwambale;21;m;control;controlfirst;study3first;2;9;yes;no;study3
195;17.06.21;Nakuu;20;f;control;controlfirst;study4first;2;9;no;no;study4
196;17.06.21;Bwambale;21;m;control;controlfirst;study3first;2;10;yes;no;study3
196;17.06.21;Nakuu;20;f;control;controlfirst;study4first;2;10;yes;yes;study4
197;17.06.21;Bwambale;21;m;control;controlfirst;study3first;2;11;no;yes;study3
197;17.06.21;Nakuu;20;f;control;controlfirst;study4first;2;11;no;no;study4
198;17.06.21;Bwambale;21;m;control;controlfirst;study3first;2;12;yes;yes;study3
198;17.06.21;Nakuu;20;f;control;controlfirst;study4first;2;12;yes;yes;study4
199;17.06.21;Cocoa;14;f;control;controlfirst;study3first;2;7;no;yes;study3
199;17.06.21;Sally;30;f;control;controlfirst;study4first;2;7;yes;yes;study4
200;17.06.21;Cocoa;14;f;control;controlfirst;study3first;2;8;yes;no;study3
200;17.06.21;Sally;30;f;control;controlfirst;study4first;2;8;yes;yes;study4
201;17.06.21;Cocoa;14;f;control;controlfirst;study3first;2;9;no;yes;study3
201;17.06.21;Sally;30;f;control;controlfirst;study4first;2;9;no;no;study4
202;17.06.21;Cocoa;14;f;control;controlfirst;study3first;2;10;yes;no;study3
202;17.06.21;Sally;30;f;control;controlfirst;study4first;2;10;yes;no;study4
203;17.06.21;Cocoa;14;f;control;controlfirst;study3first;2;11;yes;yes;study3
203;17.06.21;Sally;30;f;control;controlfirst;study4first;2;11;no;no;study4
204;17.06.21;Cocoa;14;f;control;controlfirst;study3first;2;12;yes;yes;study3
204;17.06.21;Sally;30;f;control;controlfirst;study4first;2;12;yes;yes;study4
205;17.06.21;Indi;22;m;control;controlfirst;study3first;1;1;no;yes;study3
205;18.06.21;Sally;30;f;test;controlfirst;study4first;1;1;yes;no;study4
206;17.06.21;Indi;22;m;control;controlfirst;study3first;1;2;yes;no;study3
206;18.06.21;Sally;30;f;test;controlfirst;study4first;1;2;yes;yes;study4
207;17.06.21;Indi;22;m;control;controlfirst;study3first;1;3;no;yes;study3
207;18.06.21;Sally;30;f;test;controlfirst;study4first;1;3;yes;yes;study4
208;17.06.21;Indi;22;m;control;controlfirst;study3first;1;4;yes;yes;study3
208;18.06.21;Sally;30;f;test;controlfirst;study4first;1;4;yes;no;study4
209;17.06.21;Indi;22;m;control;controlfirst;study3first;1;5;yes;no;study3
209;18.06.21;Sally;30;f;test;controlfirst;study4first;1;5;yes;no;study4
210;17.06.21;Indi;22;m;control;controlfirst;study3first;1;6;yes;no;study3
210;18.06.21;Sally;30;f;test;controlfirst;study4first;1;6;yes;yes;study4
211;18.06.21;Indi;22;m;control;controlfirst;study3first;2;7;yes;no;study3
211;18.06.21;Nkuumwa;25;f;test;controlfirst;study4first;1;1;yes;no;study4
212;18.06.21;Indi;22;m;control;controlfirst;study3first;2;8;no;yes;study3
212;18.06.21;Nkuumwa;25;f;test;controlfirst;study4first;1;2;yes;no;study4
213;18.06.21;Indi;22;m;control;controlfirst;study3first;2;9;yes;yes;study3
213;18.06.21;Nkuumwa;25;f;test;controlfirst;study4first;1;3;yes;yes;study4
214;18.06.21;Indi;22;m;control;controlfirst;study3first;2;10;no;yes;study3
214;18.06.21;Nkuumwa;25;f;test;controlfirst;study4first;1;4;yes;no;study4
215;18.06.21;Indi;22;m;control;controlfirst;study3first;2;11;yes;no;study3
215;18.06.21;Nkuumwa;25;f;test;controlfirst;study4first;1;5;yes;yes;study4
216;18.06.21;Indi;22;m;control;controlfirst;study3first;2;12;yes;yes;study3
216;18.06.21;Nkuumwa;25;f;test;controlfirst;study4first;1;6;no;yes;study4
217;18.06.21;Baluku;23;m;test;controlfirst;study3first;1;1;yes;yes;study3
217;18.06.21;Nakuu;20;f;test;controlfirst;study4first;1;1;yes;yes;study4
218;18.06.21;Baluku;23;m;test;controlfirst;study3first;1;2;no;yes;study3
218;18.06.21;Nakuu;20;f;test;controlfirst;study4first;1;2;no;no;study4
219;18.06.21;Baluku;23;m;test;controlfirst;study3first;1;3;yes;yes;study3
219;18.06.21;Nakuu;20;f;test;controlfirst;study4first;1;3;yes;yes;study4
220;18.06.21;Baluku;23;m;test;controlfirst;study3first;1;4;yes;no;study3
220;18.06.21;Nakuu;20;f;test;controlfirst;study4first;1;4;yes;no;study4
221;18.06.21;Baluku;23;m;test;controlfirst;study3first;1;5;yes;no;study3
221;18.06.21;Nakuu;20;f;test;controlfirst;study4first;1;5;no;no;study4
222;18.06.21;Baluku;23;m;test;controlfirst;study3first;1;6;no;yes;study3
222;18.06.21;Nakuu;20;f;test;controlfirst;study4first;1;6;yes;no;study4
223;18.06.21;Bwambale;21;m;test;controlfirst;study3first;1;1;no;yes;study3
223;19.06.21;Nkuumwa;25;f;test;controlfirst;study4first;2;7;no;no;study4
224;18.06.21;Bwambale;21;m;test;controlfirst;study3first;1;2;no;yes;study3
224;19.06.21;Nkuumwa;25;f;test;controlfirst;study4first;2;8;yes;yes;study4
225;18.06.21;Bwambale;21;m;test;controlfirst;study3first;1;3;yes;no;study3
225;19.06.21;Nkuumwa;25;f;test;controlfirst;study4first;2;9;yes;yes;study4
226;18.06.21;Bwambale;21;m;test;controlfirst;study3first;1;4;no;yes;study3
226;19.06.21;Nkuumwa;25;f;test;controlfirst;study4first;2;10;yes;yes;study4
227;18.06.21;Bwambale;21;m;test;controlfirst;study3first;1;5;yes;yes;study3
227;19.06.21;Nkuumwa;25;f;test;controlfirst;study4first;2;11;yes;yes;study4
228;18.06.21;Bwambale;21;m;test;controlfirst;study3first;1;6;no;yes;study3
228;19.06.21;Nkuumwa;25;f;test;controlfirst;study4first;2;12;yes;no;study4
229;19.06.21;Indi;22;m;test;controlfirst;study3first;1;1;yes;yes;study3
229;19.06.21;Nakuu;20;f;test;controlfirst;study4first;2;7;yes;no;study4
230;19.06.21;Indi;22;m;test;controlfirst;study3first;1;2;no;yes;study3
230;19.06.21;Nakuu;20;f;test;controlfirst;study4first;2;8;yes;yes;study4
231;19.06.21;Indi;22;m;test;controlfirst;study3first;1;3;no;yes;study3
231;20.06.21;Nakuu;20;f;test;controlfirst;study4first;2;9;no;no;study4
232;19.06.21;Indi;22;m;test;controlfirst;study3first;1;4;no;yes;study3
232;20.06.21;Nakuu;20;f;test;controlfirst;study4first;2;10;yes;no;study4
233;19.06.21;Indi;22;m;test;controlfirst;study3first;1;5;no;yes;study3
233;20.06.21;Nakuu;20;f;test;controlfirst;study4first;2;11;yes;yes;study4
234;19.06.21;Indi;22;m;test;controlfirst;study3first;1;6;no;yes;study3
234;20.06.21;Nakuu;20;f;test;controlfirst;study4first;2;12;yes;yes;study4
235;19.06.21;Baluku;23;m;test;controlfirst;study3first;2;7;no;yes;study3
235;19.06.21;Sally;30;f;test;controlfirst;study4first;2;7;yes;no;study4
236;19.06.21;Baluku;23;m;test;controlfirst;study3first;2;8;no;yes;study3
236;19.06.21;Sally;30;f;test;controlfirst;study4first;2;8;yes;yes;study4
237;19.06.21;Baluku;23;m;test;controlfirst;study3first;2;9;yes;yes;study3
237;19.06.21;Sally;30;f;test;controlfirst;study4first;2;9;yes;yes;study4
238;19.06.21;Baluku;23;m;test;controlfirst;study3first;2;10;no;yes;study3
238;19.06.21;Sally;30;f;test;controlfirst;study4first;2;10;yes;yes;study4
239;19.06.21;Baluku;23;m;test;controlfirst;study3first;2;11;yes;no;study3
239;19.06.21;Sally;30;f;test;controlfirst;study4first;2;11;yes;no;study4
240;19.06.21;Baluku;23;m;test;controlfirst;study3first;2;12;no;yes;study3
240;19.06.21;Sally;30;f;test;controlfirst;study4first;2;12;yes;yes;study4
241;20.06.21;Baluku;23;m;test;testfirst;study3first;1;1;yes;yes;study4
241;19.06.21;Bwambale;21;m;test;controlfirst;study3first;2;7;yes;yes;study3
242;20.06.21;Baluku;23;m;test;testfirst;study3first;1;2;yes;yes;study4
242;19.06.21;Bwambale;21;m;test;controlfirst;study3first;2;8;no;yes;study3
243;20.06.21;Baluku;23;m;test;testfirst;study3first;1;3;yes;no;study4
243;19.06.21;Bwambale;21;m;test;controlfirst;study3first;2;9;no;yes;study3
244;20.06.21;Baluku;23;m;test;testfirst;study3first;1;4;yes;yes;study4
244;19.06.21;Bwambale;21;m;test;controlfirst;study3first;2;10;no;yes;study3
245;20.06.21;Baluku;23;m;test;testfirst;study3first;1;5;yes;no;study4
245;19.06.21;Bwambale;21;m;test;controlfirst;study3first;2;11;yes;no;study3
246;20.06.21;Baluku;23;m;test;testfirst;study3first;1;6;yes;yes;study4
246;19.06.21;Bwambale;21;m;test;controlfirst;study3first;2;12;no;yes;study3
247;20.06.21;Bwambale;21;m;test;testfirst;study3first;1;1;yes;no;study4
247;19.06.21;Cocoa;14;f;test;controlfirst;study3first;1;1;no;yes;study3
248;20.06.21;Bwambale;21;m;test;testfirst;study3first;1;2;yes;yes;study4
248;19.06.21;Cocoa;14;f;test;controlfirst;study3first;1;2;no;yes;study3
249;20.06.21;Bwambale;21;m;test;testfirst;study3first;1;3;yes;yes;study4
249;19.06.21;Cocoa;14;f;test;controlfirst;study3first;1;3;yes;yes;study3
250;20.06.21;Bwambale;21;m;test;testfirst;study3first;1;4;yes;yes;study4
250;19.06.21;Cocoa;14;f;test;controlfirst;study3first;1;4;yes;no;study3
251;20.06.21;Bwambale;21;m;test;testfirst;study3first;1;5;yes;no;study4
251;19.06.21;Cocoa;14;f;test;controlfirst;study3first;1;5;yes;no;study3
252;20.06.21;Bwambale;21;m;test;testfirst;study3first;1;6;yes;no;study4
252;19.06.21;Cocoa;14;f;test;controlfirst;study3first;1;6;no;yes;study3
253;21.06.21;Cocoa;14;f;test;testfirst;study3first;1;1;no;no;study4
253;20.06.21;Indi;22;m;test;controlfirst;study3first;2;7;no;yes;study3
254;21.06.21;Cocoa;14;f;test;testfirst;study3first;1;2;no;no;study4
254;20.06.21;Indi;22;m;test;controlfirst;study3first;2;8;no;yes;study3
255;21.06.21;Cocoa;14;f;test;testfirst;study3first;1;3;yes;no;study4
255;20.06.21;Indi;22;m;test;controlfirst;study3first;2;9;no;yes;study3
256;21.06.21;Cocoa;14;f;test;testfirst;study3first;1;4;yes;yes;study4
256;20.06.21;Indi;22;m;test;controlfirst;study3first;2;10;no;yes;study3
257;21.06.21;Cocoa;14;f;test;testfirst;study3first;1;5;no;no;study4
257;20.06.21;Indi;22;m;test;controlfirst;study3first;2;11;no;yes;study3
258;21.06.21;Cocoa;14;f;test;testfirst;study3first;1;6;no;no;study4
258;20.06.21;Indi;22;m;test;controlfirst;study3first;2;12;no;yes;study3
259;21.06.21;Baluku;23;m;test;testfirst;study3first;2;7;yes;yes;study4
259;20.06.21;Sally;30;f;test;testfirst;study4first;1;1;no;yes;study3
260;21.06.21;Baluku;23;m;test;testfirst;study3first;2;8;yes;no;study4
260;20.06.21;Sally;30;f;test;testfirst;study4first;1;2;yes;yes;study3
261;21.06.21;Baluku;23;m;test;testfirst;study3first;2;9;yes;yes;study4
261;20.06.21;Sally;30;f;test;testfirst;study4first;1;3;yes;no;study3
262;21.06.21;Baluku;23;m;test;testfirst;study3first;2;10;yes;yes;study4
262;20.06.21;Sally;30;f;test;testfirst;study4first;1;4;yes;no;study3
263;21.06.21;Baluku;23;m;test;testfirst;study3first;2;11;yes;no;study4
263;20.06.21;Sally;30;f;test;testfirst;study4first;1;5;yes;no;study3
264;21.06.21;Baluku;23;m;test;testfirst;study3first;2;12;yes;no;study4
264;20.06.21;Sally;30;f;test;testfirst;study4first;1;6;no;yes;study3
265;21.06.21;Bwambale;21;m;test;testfirst;study3first;2;7;yes;no;study4
265;20.06.21;Nkuumwa;25;f;test;testfirst;study4first;1;1;no;yes;study3
266;21.06.21;Bwambale;21;m;test;testfirst;study3first;2;8;yes;yes;study4
266;20.06.21;Nkuumwa;25;f;test;testfirst;study4first;1;2;no;yes;study3
267;21.06.21;Bwambale;21;m;test;testfirst;study3first;2;9;yes;yes;study4
267;20.06.21;Nkuumwa;25;f;test;testfirst;study4first;1;3;yes;no;study3
268;21.06.21;Bwambale;21;m;test;testfirst;study3first;2;10;no;no;study4
268;20.06.21;Nkuumwa;25;f;test;testfirst;study4first;1;4;no;yes;study3
269;21.06.21;Bwambale;21;m;test;testfirst;study3first;2;11;yes;no;study4
269;20.06.21;Nkuumwa;25;f;test;testfirst;study4first;1;5;yes;yes;study3
270;21.06.21;Bwambale;21;m;test;testfirst;study3first;2;12;yes;no;study4
270;20.06.21;Nkuumwa;25;f;test;testfirst;study4first;1;6;yes;no;study3
271;20.06.21;Cocoa;14;f;test;controlfirst;study3first;2;7;yes;no;study3
271;21.06.21;Indi;22;m;test;testfirst;study3first;1;1;yes;yes;study4
272;20.06.21;Cocoa;14;f;test;controlfirst;study3first;2;8;no;yes;study3
272;21.06.21;Indi;22;m;test;testfirst;study3first;1;2;yes;yes;study4
273;20.06.21;Cocoa;14;f;test;controlfirst;study3first;2;9;no;yes;study3
273;21.06.21;Indi;22;m;test;testfirst;study3first;1;3;yes;no;study4
274;20.06.21;Cocoa;14;f;test;controlfirst;study3first;2;10;yes;no;study3
274;21.06.21;Indi;22;m;test;testfirst;study3first;1;4;yes;yes;study4
275;20.06.21;Cocoa;14;f;test;controlfirst;study3first;2;11;no;yes;study3
275;21.06.21;Indi;22;m;test;testfirst;study3first;1;5;yes;no;study4
276;20.06.21;Cocoa;14;f;test;controlfirst;study3first;2;12;yes;yes;study3
276;21.06.21;Indi;22;m;test;testfirst;study3first;1;6;yes;yes;study4
277;22.06.21;Indi;22;m;test;testfirst;study3first;2;7;yes;no;study4
277;21.06.21;Sally;30;f;test;testfirst;study4first;2;7;no;yes;study3
278;22.06.21;Indi;22;m;test;testfirst;study3first;2;8;yes;yes;study4
278;21.06.21;Sally;30;f;test;testfirst;study4first;2;8;yes;yes;study3
279;22.06.21;Indi;22;m;test;testfirst;study3first;2;9;yes;no;study4
279;21.06.21;Sally;30;f;test;testfirst;study4first;2;9;yes;no;study3
280;22.06.21;Indi;22;m;test;testfirst;study3first;2;10;yes;no;study4
280;21.06.21;Sally;30;f;test;testfirst;study4first;2;10;no;yes;study3
281;22.06.21;Indi;22;m;test;testfirst;study3first;2;11;yes;yes;study4
281;21.06.21;Sally;30;f;test;testfirst;study4first;2;11;yes;yes;study3
282;22.06.21;Indi;22;m;test;testfirst;study3first;2;12;yes;no;study4
282;21.06.21;Sally;30;f;test;testfirst;study4first;2;12;no;yes;study3
283;22.06.21;Cocoa;14;f;test;testfirst;study3first;2;7;yes;yes;study4
283;21.06.21;Nkuumwa;25;f;test;testfirst;study4first;2;7;no;yes;study3
284;22.06.21;Cocoa;14;f;test;testfirst;study3first;2;8;yes;no;study4
284;21.06.21;Nkuumwa;25;f;test;testfirst;study4first;2;8;yes;no;study3
285;22.06.21;Cocoa;14;f;test;testfirst;study3first;2;9;no;no;study4
285;21.06.21;Nkuumwa;25;f;test;testfirst;study4first;2;9;yes;yes;study3
286;22.06.21;Cocoa;14;f;test;testfirst;study3first;2;10;yes;yes;study4
286;21.06.21;Nkuumwa;25;f;test;testfirst;study4first;2;10;no;yes;study3
287;22.06.21;Cocoa;14;f;test;testfirst;study3first;2;11;no;no;study4
287;21.06.21;Nkuumwa;25;f;test;testfirst;study4first;2;11;yes;no;study3
288;22.06.21;Cocoa;14;f;test;testfirst;study3first;2;12;yes;no;study4
288;21.06.21;Nkuumwa;25;f;test;testfirst;study4first;2;12;no;yes;study3
289;22.06.21;Bwambale;21;m;control;testfirst;study3first;1;1;yes;no;study4
289;21.06.21;Nakuu;20;f;test;testfirst;study4first;1;1;no;yes;study3
290;22.06.21;Bwambale;21;m;control;testfirst;study3first;1;2;no;no;study4
290;21.06.21;Nakuu;20;f;test;testfirst;study4first;1;2;yes;no;study3
291;22.06.21;Bwambale;21;m;control;testfirst;study3first;1;3;yes;no;study4
291;21.06.21;Nakuu;20;f;test;testfirst;study4first;1;3;yes;yes;study3
292;22.06.21;Bwambale;21;m;control;testfirst;study3first;1;4;no;no;study4
292;21.06.21;Nakuu;20;f;test;testfirst;study4first;1;4;no;yes;study3
293;22.06.21;Bwambale;21;m;control;testfirst;study3first;1;5;yes;no;study4
293;21.06.21;Nakuu;20;f;test;testfirst;study4first;1;5;yes;yes;study3
294;22.06.21;Bwambale;21;m;control;testfirst;study3first;1;6;no;no;study4
294;21.06.21;Nakuu;20;f;test;testfirst;study4first;1;6;yes;yes;study3
295;22.06.21;Baluku;23;m;control;testfirst;study3first;1;1;yes;yes;study4
295;22.06.21;Nakuu;20;f;test;testfirst;study4first;2;7;yes;no;study3
296;22.06.21;Baluku;23;m;control;testfirst;study3first;1;2;yes;no;study4
296;22.06.21;Nakuu;20;f;test;testfirst;study4first;2;8;yes;no;study3
297;22.06.21;Baluku;23;m;control;testfirst;study3first;1;3;yes;yes;study4
297;22.06.21;Nakuu;20;f;test;testfirst;study4first;2;9;no;yes;study3
298;22.06.21;Baluku;23;m;control;testfirst;study3first;1;4;no;no;study4
298;22.06.21;Nakuu;20;f;test;testfirst;study4first;2;10;no;yes;study3
299;22.06.21;Baluku;23;m;control;testfirst;study3first;1;5;yes;no;study4
299;22.06.21;Nakuu;20;f;test;testfirst;study4first;2;11;yes;no;study3
300;22.06.21;Baluku;23;m;control;testfirst;study3first;1;6;yes;no;study4
300;22.06.21;Nakuu;20;f;test;testfirst;study4first;2;12;yes;no;study3
301;23.06.21;Indi;22;m;control;testfirst;study3first;1;1;yes;yes;study4
301;22.06.21;Sally;30;f;control;testfirst;study4first;1;1;yes;yes;study3
302;23.06.21;Indi;22;m;control;testfirst;study3first;1;2;yes;no;study4
302;22.06.21;Sally;30;f;control;testfirst;study4first;1;2;yes;yes;study3
303;23.06.21;Indi;22;m;control;testfirst;study3first;1;3;no;no;study4
303;22.06.21;Sally;30;f;control;testfirst;study4first;1;3;yes;no;study3
304;23.06.21;Indi;22;m;control;testfirst;study3first;1;4;yes;yes;study4
304;22.06.21;Sally;30;f;control;testfirst;study4first;1;4;yes;yes;study3
305;23.06.21;Indi;22;m;control;testfirst;study3first;1;5;yes;yes;study4
305;22.06.21;Sally;30;f;control;testfirst;study4first;1;5;yes;no;study3
306;23.06.21;Indi;22;m;control;testfirst;study3first;1;6;no;no;study4
306;22.06.21;Sally;30;f;control;testfirst;study4first;1;6;yes;yes;study3
307;23.06.21;Cocoa;14;f;control;testfirst;study3first;1;1;yes;no;study4
307;22.06.21;Nkuumwa;25;f;control;testfirst;study4first;1;1;yes;yes;study3
308;23.06.21;Cocoa;14;f;control;testfirst;study3first;1;2;no;no;study4
308;22.06.21;Nkuumwa;25;f;control;testfirst;study4first;1;2;no;yes;study3
309;23.06.21;Cocoa;14;f;control;testfirst;study3first;1;3;yes;no;study4
309;22.06.21;Nkuumwa;25;f;control;testfirst;study4first;1;3;yes;no;study3
310;23.06.21;Cocoa;14;f;control;testfirst;study3first;1;4;no;no;study4
310;22.06.21;Nkuumwa;25;f;control;testfirst;study4first;1;4;yes;no;study3
311;23.06.21;Cocoa;14;f;control;testfirst;study3first;1;5;no;no;study4
311;22.06.21;Nkuumwa;25;f;control;testfirst;study4first;1;5;yes;yes;study3
312;23.06.21;Cocoa;14;f;control;testfirst;study3first;1;6;no;no;study4
312;22.06.21;Nkuumwa;25;f;control;testfirst;study4first;1;6;no;yes;study3
313;23.06.21;Bwambale;21;m;control;testfirst;study3first;2;7;yes;yes;study4
313;23.06.21;Nakuu;20;f;control;testfirst;study4first;1;1;yes;no;study3
314;23.06.21;Bwambale;21;m;control;testfirst;study3first;2;8;yes;no;study4
314;23.06.21;Nakuu;20;f;control;testfirst;study4first;1;2;yes;yes;study3
315;23.06.21;Bwambale;21;m;control;testfirst;study3first;2;9;yes;yes;study4
315;23.06.21;Nakuu;20;f;control;testfirst;study4first;1;3;no;yes;study3
316;23.06.21;Bwambale;21;m;control;testfirst;study3first;2;10;yes;no;study4
316;23.06.21;Nakuu;20;f;control;testfirst;study4first;1;4;yes;yes;study3
317;23.06.21;Bwambale;21;m;control;testfirst;study3first;2;11;yes;yes;study4
317;23.06.21;Nakuu;20;f;control;testfirst;study4first;1;5;yes;no;study3
318;23.06.21;Bwambale;21;m;control;testfirst;study3first;2;12;yes;no;study4
318;23.06.21;Nakuu;20;f;control;testfirst;study4first;1;6;no;yes;study3
319;23.06.21;Baluku;23;m;control;testfirst;study3first;2;7;yes;yes;study4
319;23.06.21;Sally;30;f;control;testfirst;study4first;2;7;no;yes;study3
320;23.06.21;Baluku;23;m;control;testfirst;study3first;2;8;yes;no;study4
320;23.06.21;Sally;30;f;control;testfirst;study4first;2;8;yes;yes;study3
321;23.06.21;Baluku;23;m;control;testfirst;study3first;2;9;yes;no;study4
321;23.06.21;Sally;30;f;control;testfirst;study4first;2;9;yes;no;study3
322;23.06.21;Baluku;23;m;control;testfirst;study3first;2;10;yes;no;study4
322;23.06.21;Sally;30;f;control;testfirst;study4first;2;10;yes;yes;study3
323;23.06.21;Baluku;23;m;control;testfirst;study3first;2;11;yes;yes;study4
323;23.06.21;Sally;30;f;control;testfirst;study4first;2;11;yes;no;study3
324;23.06.21;Baluku;23;m;control;testfirst;study3first;2;12;yes;yes;study4
324;23.06.21;Sally;30;f;control;testfirst;study4first;2;12;yes;no;study3
325;24.06.21;Indi;22;m;control;testfirst;study3first;2;7;yes;yes;study4
325;23.06.21;Nkuumwa;25;f;control;testfirst;study4first;2;7;yes;yes;study3
326;24.06.21;Indi;22;m;control;testfirst;study3first;2;8;yes;no;study4
326;23.06.21;Nkuumwa;25;f;control;testfirst;study4first;2;8;no;yes;study3
327;24.06.21;Indi;22;m;control;testfirst;study3first;2;9;no;no;study4
327;23.06.21;Nkuumwa;25;f;control;testfirst;study4first;2;9;yes;no;study3
328;24.06.21;Indi;22;m;control;testfirst;study3first;2;10;yes;yes;study4
328;23.06.21;Nkuumwa;25;f;control;testfirst;study4first;2;10;no;yes;study3
329;24.06.21;Indi;22;m;control;testfirst;study3first;2;11;yes;yes;study4
329;23.06.21;Nkuumwa;25;f;control;testfirst;study4first;2;11;yes;no;study3
330;24.06.21;Indi;22;m;control;testfirst;study3first;2;12;yes;no;study4
330;23.06.21;Nkuumwa;25;f;control;testfirst;study4first;2;12;yes;yes;study3
331;24.06.21;Cocoa;14;f;control;testfirst;study3first;2;7;yes;no;study4
331;24.06.21;Nakuu;20;f;control;testfirst;study4first;2;7;yes;no;study3
332;24.06.21;Cocoa;14;f;control;testfirst;study3first;2;8;yes;yes;study4
332;24.06.21;Nakuu;20;f;control;testfirst;study4first;2;8;yes;no;study3
333;24.06.21;Cocoa;14;f;control;testfirst;study3first;2;9;no;no;study4
333;24.06.21;Nakuu;20;f;control;testfirst;study4first;2;9;yes;yes;study3
334;24.06.21;Cocoa;14;f;control;testfirst;study3first;2;10;yes;no;study4
334;24.06.21;Nakuu;20;f;control;testfirst;study4first;2;10;yes;yes;study3
335;24.06.21;Cocoa;14;f;control;testfirst;study3first;2;11;no;no;study4
335;24.06.21;Nakuu;20;f;control;testfirst;study4first;2;11;yes;no;study3
336;24.06.21;Cocoa;14;f;control;testfirst;study3first;2;12;yes;yes;study4
336;24.06.21;Nakuu;20;f;control;testfirst;study4first;2;12;no;yes;study3